,Bruit
0,à pourvoir
1,salaire
2,salaires
3,rémunération
4,rémunérer
5,ses clients
6,salaire brut
9,salaire fixe
10,prime
11,primes
12,postulez
13,l'emploi
14,emploi
15,intérim
16,cdi
17,cdd
18,rejoignez-nous
19,recherchons
20,elle recherche
21,postuler
22,nos clients
24,notre client
25,notre développement
26,adressez-nous
27,a la recherche
28,a pourvoir
30,réalisez votre
31,ses convives
32,nos convives
33,notre convive
34,nous recrutons
35,votre candidature
36,nous souhaitons
37,est l'un
38,est en
39,sont en
40,environnement de travail
41,durée de travail
42,tickets restaurants
43,avantages
44,package
45,mutuelle
46,abonnement transport
47,navigo
48,vous êtes titulaire
49,compétences égales
50,situation de handicap
51,profil recherché
52,bac
53,rattaché(e) au
54,rattaché au
55,selon profil
56,selon expérience
57,dès que possible
58,permis B
59,sans réponse de notre part
60,vous disposez d'un droit
61,a pour vocation
62,a vocation
63,l'association
64,le cabinet
65,prime
66,à partir de
67,vous justifiez
68,notre association
69,notre entreprise
70,filiale
71,notre cabinet
72,située à
73,situé à
74,intercommunalité
75,minutes de
76,afin de soutenir sa 
78,flex office
79,coworking
80,télétravail
81,recrute un
82,missions
83,sous l'autorité de
84,sous la responsabilité de
85,venez nous rejoindre
86,vous souhaitez
87,vous intéresse
88,recherche un
89,heures
90,jour
91,lundi 
92,mardi
93,mercredi
94,jeudi
95,vendredi
96,samedi
97,dimanche
98,weekend
99,week-end
100,vacances
101,congés
102,intéressement
103,nuit
104,semaine
105,mois
106,"motivé	"
107,poste à pourvoir
108,devra posséder
109,faire preuve 
110,déplacements
111,sous la supervision
112,chambre de commerce
113,dans le cadre de
114,créé par
115,à taille humaine
116,notre environnement
117,chaque collaborateur
118,espace d'accueil 
119,un centre d'appel
120,médecins
121,infirmiers
122,psychologues
123,éducateurs
124,cabinets
125,école de commerce
126,école d'ingénieurs
127,université
128,vous êtes intégré
129,contactez-nous
130,contactez nous
131,votre agence
132,spécialisée dans
133,opportunité d'emploi
134,recherche pour son client
135,sont chargées
136,spécialiste mondial
137,leader mondial
138,est le leader
139,dans plus de 
140,présents dans plusieurs
141,nos équipes
142,nos experts
143,nous fournissons
144,nous apportons
145,nous conseillons
146,nous développons
147,rejoignez
148,basé au siège
149,vous serez intégré
150,cv
151,mission :
